instantly_lead_id,email,first_name,last_name,company_name,website,phone,personalization,Type,Category,Subtypes,City,Service,Niche_raw,Subniche,Siret,Siren,Effectif,Naf,FormeJuridique,AnneeCreation,ChiffreAffaires,TailleEntreprise,LeadScore,TrancheEffectif,custom_variables_json,NICHE,STATUS_FILTER,FILTER_REASON
01a08b4c-d215-799f-abe5-fa42dee4172d,info@gescolib.be,GESCOLIB,,GESCOLIB SRL,gescolib.be,,,Accounting firm,,Accounting firm,Libramont-Chevigny,Expertise comptable,Cabinets EC vol (Outscraper taxonomy),Cabinets EC vol (Outscraper taxonomy),,,,,,,,,,,"{""firstName"": ""GESCOLIB"", ""companyName"": ""GESCOLIB SRL"", ""naf"": """", ""city"": ""Libramont-Chevigny"", ""link"": """", ""type"": ""Accounting firm"", ""niche"": ""Cabinets EC vol (Outscraper taxonomy)"", ""siren"": """", ""siret"": """", ""statut"": ""NOTBOOKED"", ""service"": ""Expertise comptable"", ""category"": """", ""effectif"": """", ""subniche"": ""Cabinets EC vol (Outscraper taxonomy)"", ""subtypes"": ""Accounting firm"", ""lead_score"": """", ""confirm_link"": """", ""tracking_url"": """", ""annee_creation"": """", ""forme_juridique"": """", ""chiffre_affaires"": """", ""tranche_effectif"": """", ""taille_entreprise"": """", ""reservation_agence_link"": """", ""confirmation_agence_link"": ""https://www.hercule.dev/confirm-reservation.html/VR2eyb?email=info%40gescolib.be"", ""reservation_entreprise_link"": ""https://www.hercule.dev/reservation-entreprise.html/VR2eyb""}",COMPTABLE,valid,include:accounting@COMPTABLE
01a08b4c-d215-799f-abe5-fa43b8c8eedc,info@fidmed.be,Fiduciaire,,Fiduciaire Médicale & Associés,fidmed.be,,,Accounting firm,,Accounting firm,Lasne,Expertise comptable,Cabinets EC vol (Outscraper taxonomy),Cabinets EC vol (Outscraper taxonomy),,,,,,,,,,,"{""firstName"": ""Fiduciaire"", ""companyName"": ""Fiduciaire Médicale & Associés"", ""naf"": """", ""city"": ""Lasne"", ""link"": """", ""type"": ""Accounting firm"", ""niche"": ""Cabinets EC vol (Outscraper taxonomy)"", ""siren"": """", ""siret"": """", ""statut"": ""NOTBOOKED"", ""service"": ""Expertise comptable"", ""category"": """", ""effectif"": """", ""subniche"": ""Cabinets EC vol (Outscraper taxonomy)"", ""subtypes"": ""Accounting firm"", ""lead_score"": """", ""confirm_link"": """", ""tracking_url"": """", ""annee_creation"": """", ""forme_juridique"": """", ""chiffre_affaires"": """", ""tranche_effectif"": """", ""taille_entreprise"": """", ""reservation_agence_link"": """", ""confirmation_agence_link"": ""https://www.hercule.dev/confirm-reservation.html/WkTpIu?email=info%40fidmed.be"", ""reservation_entreprise_link"": ""https://www.hercule.dev/reservation-entreprise.html/WkTpIu""}",COMPTABLE,valid,include:accounting@COMPTABLE
01a08b4c-d215-799f-abe5-fa447d9a1485,contact@dgta.be,Bureau,,Bureau Iannone (Digitax & Accounting),digitax-accounting.be,,,Accountant,Comptable,Accountant,Aiseau-Presles,Expertise comptable,Cabinets EC vol (Outscraper taxonomy),Cabinets EC vol (Outscraper taxonomy),,,,,,,,,,,"{""firstName"": ""Bureau"", ""companyName"": ""Bureau Iannone (Digitax & Accounting)"", ""naf"": """", ""city"": ""Aiseau-Presles"", ""link"": """", ""type"": ""Accountant"", ""niche"": ""Cabinets EC vol (Outscraper taxonomy)"", ""siren"": """", ""siret"": """", ""statut"": ""NOTBOOKED"", ""service"": ""Expertise comptable"", ""category"": ""Comptable"", ""effectif"": """", ""subniche"": ""Cabinets EC vol (Outscraper taxonomy)"", ""subtypes"": ""Accountant"", ""lead_score"": """", ""confirm_link"": """", ""tracking_url"": """", ""annee_creation"": """", ""forme_juridique"": """", ""chiffre_affaires"": """", ""tranche_effectif"": """", ""taille_entreprise"": """", ""reservation_agence_link"": """", ""confirmation_agence_link"": ""https://www.hercule.dev/confirm-reservation.html/IhETFH?email=contact%40dgta.be"", ""reservation_entreprise_link"": ""https://www.hercule.dev/reservation-entreprise.html/IhETFH""}",COMPTABLE,valid,include:accountant@COMPTABLE
01a08b4c-d215-799f-abe5-fa45b1acdc4c,info@accountax.be,AccountaX,,AccountaX,accountax.be,,,Accounting firm,Accountantskantoor,Accounting firm,Rotselaar,Expertise comptable,Cabinets EC vol (Outscraper taxonomy),Cabinets EC vol (Outscraper taxonomy),,,,,,,,,,,"{""firstName"": ""AccountaX"", ""companyName"": ""AccountaX"", ""naf"": """", ""city"": ""Rotselaar"", ""link"": """", ""type"": ""Accounting firm"", ""niche"": ""Cabinets EC vol (Outscraper taxonomy)"", ""siren"": """", ""siret"": """", ""statut"": ""NOTBOOKED"", ""service"": ""Expertise comptable"", ""category"": ""Accountantskantoor"", ""effectif"": """", ""subniche"": ""Cabinets EC vol (Outscraper taxonomy)"", ""subtypes"": ""Accounting firm"", ""lead_score"": """", ""confirm_link"": """", ""tracking_url"": """", ""annee_creation"": """", ""forme_juridique"": """", ""chiffre_affaires"": """", ""tranche_effectif"": """", ""taille_entreprise"": """", ""reservation_agence_link"": """", ""confirmation_agence_link"": ""https://www.hercule.dev/confirm-reservation.html/TDjhPg?email=info%40accountax.be"", ""reservation_entreprise_link"": ""https://www.hercule.dev/reservation-entreprise.html/TDjhPg""}",COMPTABLE,valid,include:accounting@COMPTABLE
01a08b4c-d215-799f-abe5-fa461e9a6479,atlf.sdv@gmail.com,Accounting,,Accounting Tax Legal Finance SRL,atlf.be,,,Chartered accountant,,Chartered accountant,Courcelles,Expertise comptable,Cabinets EC vol (Outscraper taxonomy),Cabinets EC vol (Outscraper taxonomy),,,,,,,,,,,"{""firstName"": ""Accounting"", ""companyName"": ""Accounting Tax Legal Finance SRL"", ""naf"": """", ""city"": ""Courcelles"", ""link"": """", ""type"": ""Chartered accountant"", ""niche"": ""Cabinets EC vol (Outscraper taxonomy)"", ""siren"": """", ""siret"": """", ""statut"": ""NOTBOOKED"", ""service"": ""Expertise comptable"", ""category"": """", ""effectif"": """", ""subniche"": ""Cabinets EC vol (Outscraper taxonomy)"", ""subtypes"": ""Chartered accountant"", ""lead_score"": """", ""confirm_link"": """", ""tracking_url"": """", ""annee_creation"": """", ""forme_juridique"": """", ""chiffre_affaires"": """", ""tranche_effectif"": """", ""taille_entreprise"": """", ""reservation_agence_link"": """", ""confirmation_agence_link"": ""https://www.hercule.dev/confirm-reservation.html/IQsQ4b?email=atlf.sdv%40gmail.com"", ""reservation_entreprise_link"": ""https://www.hercule.dev/reservation-entreprise.html/IQsQ4b""}",COMPTABLE,valid,include:accountant@COMPTABLE
01a08b4c-d215-799f-abe5-fa47bdb66f3f,ldarquennes@key-ops.be,Key-Ops,,Key-Ops,key-ops.be,,,Accountant,Comptable,Accountant,Charleroi,Expertise comptable,Cabinets EC vol (Outscraper taxonomy),Cabinets EC vol (Outscraper taxonomy),,,,,,,,,,,"{""firstName"": ""Key-Ops"", ""companyName"": ""Key-Ops"", ""naf"": """", ""city"": ""Charleroi"", ""link"": """", ""type"": ""Accountant"", ""niche"": ""Cabinets EC vol (Outscraper taxonomy)"", ""siren"": """", ""siret"": """", ""statut"": ""NOTBOOKED"", ""service"": ""Expertise comptable"", ""category"": ""Comptable"", ""effectif"": """", ""subniche"": ""Cabinets EC vol (Outscraper taxonomy)"", ""subtypes"": ""Accountant"", ""lead_score"": """", ""confirm_link"": """", ""tracking_url"": """", ""annee_creation"": """", ""forme_juridique"": """", ""chiffre_affaires"": """", ""tranche_effectif"": """", ""taille_entreprise"": """", ""reservation_agence_link"": """", ""confirmation_agence_link"": ""https://www.hercule.dev/confirm-reservation.html/f7tSxa?email=ldarquennes%40key-ops.be"", ""reservation_entreprise_link"": ""https://www.hercule.dev/reservation-entreprise.html/f7tSxa""}",COMPTABLE,valid,include:accountant@COMPTABLE
01a08b4c-d215-799f-abe5-fa48227a08a9,info@patriconsult.be,Patri-Consult,,Patri-Consult,patriconsult.be,,,Accounting firm,Cabinet d'expertise comptable,"Accounting firm, Accountant, Tax consultant, Tax preparation",Forchies-la-Marche,Expertise comptable,Cabinets EC vol (Outscraper taxonomy),Cabinets EC vol (Outscraper taxonomy),,,,,,,,,,,"{""firstName"": ""Patri-Consult"", ""companyName"": ""Patri-Consult"", ""naf"": """", ""city"": ""Forchies-la-Marche"", ""link"": """", ""type"": ""Accounting firm"", ""niche"": ""Cabinets EC vol (Outscraper taxonomy)"", ""siren"": """", ""siret"": """", ""statut"": ""NOTBOOKED"", ""service"": ""Expertise comptable"", ""category"": ""Cabinet d'expertise comptable"", ""effectif"": """", ""subniche"": ""Cabinets EC vol (Outscraper taxonomy)"", ""subtypes"": ""Accounting firm, Accountant, Tax consultant, Tax preparation"", ""lead_score"": """", ""confirm_link"": """", ""tracking_url"": """", ""annee_creation"": """", ""forme_juridique"": """", ""chiffre_affaires"": """", ""tranche_effectif"": """", ""taille_entreprise"": """", ""reservation_agence_link"": """", ""confirmation_agence_link"": ""https://www.hercule.dev/confirm-reservation.html/s7DjTo?email=info%40patriconsult.be"", ""reservation_entreprise_link"": ""https://www.hercule.dev/reservation-entreprise.html/s7DjTo""}",COMPTABLE,valid,include:expertise comptable@COMPTABLE
01a08b4c-d215-799f-abe5-fa49fb9bbde5,jacques@jbcompta.be,Fiduciaire,,Fiduciaire J.B COMPTA,jbcompta.be,,,Accounting firm,,"Accounting firm, Tax consultant",Binche,Expertise comptable,Cabinets EC vol (Outscraper taxonomy),Cabinets EC vol (Outscraper taxonomy),,,,,,,,,,,"{""firstName"": ""Fiduciaire"", ""companyName"": ""Fiduciaire J.B COMPTA"", ""naf"": """", ""city"": ""Binche"", ""link"": """", ""type"": ""Accounting firm"", ""niche"": ""Cabinets EC vol (Outscraper taxonomy)"", ""siren"": """", ""siret"": """", ""statut"": ""NOTBOOKED"", ""service"": ""Expertise comptable"", ""category"": """", ""effectif"": """", ""subniche"": ""Cabinets EC vol (Outscraper taxonomy)"", ""subtypes"": ""Accounting firm, Tax consultant"", ""lead_score"": """", ""confirm_link"": """", ""tracking_url"": """", ""annee_creation"": """", ""forme_juridique"": """", ""chiffre_affaires"": """", ""tranche_effectif"": """", ""taille_entreprise"": """", ""reservation_agence_link"": """", ""confirmation_agence_link"": ""https://www.hercule.dev/confirm-reservation.html/DjIXM2?email=jacques%40jbcompta.be"", ""reservation_entreprise_link"": ""https://www.hercule.dev/reservation-entreprise.html/DjIXM2""}",COMPTABLE,valid,include:accounting@COMPTABLE
01a08b4c-d215-799f-abe5-fa4a0ca9d7d7,contact@ezitc.be,EZI,,EZI Tax Consulting,ezitc.be,,,Chartered accountant,,Chartered accountant,Dilbeek,Expertise comptable,Cabinets EC vol (Outscraper taxonomy),Cabinets EC vol (Outscraper taxonomy),,,,,,,,,,,"{""firstName"": ""EZI"", ""companyName"": ""EZI Tax Consulting"", ""naf"": """", ""city"": ""Dilbeek"", ""link"": """", ""type"": ""Chartered accountant"", ""niche"": ""Cabinets EC vol (Outscraper taxonomy)"", ""siren"": """", ""siret"": """", ""statut"": ""NOTBOOKED"", ""service"": ""Expertise comptable"", ""category"": """", ""effectif"": """", ""subniche"": ""Cabinets EC vol (Outscraper taxonomy)"", ""subtypes"": ""Chartered accountant"", ""lead_score"": """", ""confirm_link"": """", ""tracking_url"": """", ""annee_creation"": """", ""forme_juridique"": """", ""chiffre_affaires"": """", ""tranche_effectif"": """", ""taille_entreprise"": """", ""reservation_agence_link"": """", ""confirmation_agence_link"": ""https://www.hercule.dev/confirm-reservation.html/Pff9h7?email=contact%40ezitc.be"", ""reservation_entreprise_link"": ""https://www.hercule.dev/reservation-entreprise.html/Pff9h7""}",COMPTABLE,valid,include:accountant@COMPTABLE
01a08b4c-d215-799f-abe5-fa4bad9c79d0,thibaud@tvtaccountancy.be,Fiduco,,Fiduco (Tvt accountancy),tvtaccountancy.be,,,Certified public accountant,,"Certified public accountant, Accounting firm, Bookkeeping service, Tax consultant, Tax preparation",Comines-Warneton,Expertise comptable,Cabinets EC vol (Outscraper taxonomy),Cabinets EC vol (Outscraper taxonomy),,,,,,,,,,,"{""firstName"": ""Fiduco"", ""companyName"": ""Fiduco (Tvt accountancy)"", ""naf"": """", ""city"": ""Comines-Warneton"", ""link"": """", ""type"": ""Certified public accountant"", ""niche"": ""Cabinets EC vol (Outscraper taxonomy)"", ""siren"": """", ""siret"": """", ""statut"": ""NOTBOOKED"", ""service"": ""Expertise comptable"", ""category"": """", ""effectif"": """", ""subniche"": ""Cabinets EC vol (Outscraper taxonomy)"", ""subtypes"": ""Certified public accountant, Accounting firm, Bookkeeping service, Tax consultant, Tax preparation"", ""lead_score"": """", ""confirm_link"": """", ""tracking_url"": """", ""annee_creation"": """", ""forme_juridique"": """", ""chiffre_affaires"": """", ""tranche_effectif"": """", ""taille_entreprise"": """", ""reservation_agence_link"": """", ""confirmation_agence_link"": ""https://www.hercule.dev/confirm-reservation.html/AMb90H?email=thibaud%40tvtaccountancy.be"", ""reservation_entreprise_link"": ""https://www.hercule.dev/reservation-entreprise.html/AMb90H""}",COMPTABLE,valid,include:accounting@COMPTABLE
01a08b4c-d215-799f-abe5-fa4c3221c745,info@m-fisc.be,M-fisc,,M-fisc | Accountancy & Tax,m-fisc.be,,,Bookkeeping service,,"Bookkeeping service, Accounting firm, Tax consultant",Langemark-Poelkapelle,Expertise comptable,Cabinets EC vol (Outscraper taxonomy),Cabinets EC vol (Outscraper taxonomy),,,,,,,,,,,"{""firstName"": ""M-fisc"", ""companyName"": ""M-fisc | Accountancy & Tax"", ""naf"": """", ""city"": ""Langemark-Poelkapelle"", ""link"": """", ""type"": ""Bookkeeping service"", ""niche"": ""Cabinets EC vol (Outscraper taxonomy)"", ""siren"": """", ""siret"": """", ""statut"": ""NOTBOOKED"", ""service"": ""Expertise comptable"", ""category"": """", ""effectif"": """", ""subniche"": ""Cabinets EC vol (Outscraper taxonomy)"", ""subtypes"": ""Bookkeeping service, Accounting firm, Tax consultant"", ""lead_score"": """", ""confirm_link"": """", ""tracking_url"": """", ""annee_creation"": """", ""forme_juridique"": """", ""chiffre_affaires"": """", ""tranche_effectif"": """", ""taille_entreprise"": """", ""reservation_agence_link"": """", ""confirmation_agence_link"": ""https://www.hercule.dev/confirm-reservation.html/kiNxni?email=info%40m-fisc.be"", ""reservation_entreprise_link"": ""https://www.hercule.dev/reservation-entreprise.html/kiNxni""}",COMPTABLE,valid,include:accounting@COMPTABLE
01a08b4c-d215-799f-abe5-fa4df01cf7f3,de.brone@telenet.be,De,,De Brône Boekhouding & Fiscaliteit,debrone.be,,,Accounting firm,,Accounting firm,Bilzen-Hoeselt,Expertise comptable,Cabinets EC vol (Outscraper taxonomy),Cabinets EC vol (Outscraper taxonomy),,,,,,,,,,,"{""firstName"": ""De"", ""companyName"": ""De Brône Boekhouding & Fiscaliteit"", ""naf"": """", ""city"": ""Bilzen-Hoeselt"", ""link"": """", ""type"": ""Accounting firm"", ""niche"": ""Cabinets EC vol (Outscraper taxonomy)"", ""siren"": """", ""siret"": """", ""statut"": ""NOTBOOKED"", ""service"": ""Expertise comptable"", ""category"": """", ""effectif"": """", ""subniche"": ""Cabinets EC vol (Outscraper taxonomy)"", ""subtypes"": ""Accounting firm"", ""lead_score"": """", ""confirm_link"": """", ""tracking_url"": """", ""annee_creation"": """", ""forme_juridique"": """", ""chiffre_affaires"": """", ""tranche_effectif"": """", ""taille_entreprise"": """", ""reservation_agence_link"": """", ""confirmation_agence_link"": ""https://www.hercule.dev/confirm-reservation.html/txfVcg?email=de.brone%40telenet.be"", ""reservation_entreprise_link"": ""https://www.hercule.dev/reservation-entreprise.html/txfVcg""}",COMPTABLE,valid,include:accounting@COMPTABLE
01a08b4c-d215-799f-abe5-fa4e04fca4af,info@demanbrussels.be,Deman,,Deman,demanbrussels.be,,,Accountant,Comptable,Accountant,Soignies,Expertise comptable,Cabinets EC vol (Outscraper taxonomy),Cabinets EC vol (Outscraper taxonomy),,,,,,,,,,,"{""firstName"": ""Deman"", ""companyName"": ""Deman"", ""naf"": """", ""city"": ""Soignies"", ""link"": """", ""type"": ""Accountant"", ""niche"": ""Cabinets EC vol (Outscraper taxonomy)"", ""siren"": """", ""siret"": """", ""statut"": ""NOTBOOKED"", ""service"": ""Expertise comptable"", ""category"": ""Comptable"", ""effectif"": """", ""subniche"": ""Cabinets EC vol (Outscraper taxonomy)"", ""subtypes"": ""Accountant"", ""lead_score"": """", ""confirm_link"": """", ""tracking_url"": """", ""annee_creation"": """", ""forme_juridique"": """", ""chiffre_affaires"": """", ""tranche_effectif"": """", ""taille_entreprise"": """", ""reservation_agence_link"": """", ""confirmation_agence_link"": ""https://www.hercule.dev/confirm-reservation.html/BHYDod?email=info%40demanbrussels.be"", ""reservation_entreprise_link"": ""https://www.hercule.dev/reservation-entreprise.html/BHYDod""}",COMPTABLE,valid,include:accountant@COMPTABLE
01a08b4c-d215-799f-abe5-fa4fc1c4df8d,f.lefebvre@accountaxconsulting.be,Accountax,,Accountax Consulting - Bureau de Mettet,accountaxconsulting.be,,,Certified public accountant,Expert-comptable,Certified public accountant,Mettet,Expertise comptable,Cabinets EC vol (Outscraper taxonomy),Cabinets EC vol (Outscraper taxonomy),,,,,,,,,,,"{""firstName"": ""Accountax"", ""companyName"": ""Accountax Consulting - Bureau de Mettet"", ""naf"": """", ""city"": ""Mettet"", ""link"": """", ""type"": ""Certified public accountant"", ""niche"": ""Cabinets EC vol (Outscraper taxonomy)"", ""siren"": """", ""siret"": """", ""statut"": ""NOTBOOKED"", ""service"": ""Expertise comptable"", ""category"": ""Expert-comptable"", ""effectif"": """", ""subniche"": ""Cabinets EC vol (Outscraper taxonomy)"", ""subtypes"": ""Certified public accountant"", ""lead_score"": """", ""confirm_link"": """", ""tracking_url"": """", ""annee_creation"": """", ""forme_juridique"": """", ""chiffre_affaires"": """", ""tranche_effectif"": """", ""taille_entreprise"": """", ""reservation_agence_link"": """", ""confirmation_agence_link"": ""https://www.hercule.dev/confirm-reservation.html/08GYgj?email=f.lefebvre%40accountaxconsulting.be"", ""reservation_entreprise_link"": ""https://www.hercule.dev/reservation-entreprise.html/08GYgj""}",COMPTABLE,valid,include:expert-comptable@COMPTABLE
01a08b4c-d215-799f-abe5-fa50e23bd584,sergemichiels@skynet.be,ACCOUNTANTSKANTOOR,,ACCOUNTANTSKANTOOR MICHIELS,boekhoudkantoormichiels.be,,,Certified public accountant,Boekhouder,"Certified public accountant, Accounting firm, Bookkeeping service",Schelle,Expertise comptable,Cabinets EC vol (Outscraper taxonomy),Cabinets EC vol (Outscraper taxonomy),,,,,,,,,,,"{""firstName"": ""ACCOUNTANTSKANTOOR"", ""companyName"": ""ACCOUNTANTSKANTOOR MICHIELS"", ""naf"": """", ""city"": ""Schelle"", ""link"": """", ""type"": ""Certified public accountant"", ""niche"": ""Cabinets EC vol (Outscraper taxonomy)"", ""siren"": """", ""siret"": """", ""statut"": ""NOTBOOKED"", ""service"": ""Expertise comptable"", ""category"": ""Boekhouder"", ""effectif"": """", ""subniche"": ""Cabinets EC vol (Outscraper taxonomy)"", ""subtypes"": ""Certified public accountant, Accounting firm, Bookkeeping service"", ""lead_score"": """", ""confirm_link"": """", ""tracking_url"": """", ""annee_creation"": """", ""forme_juridique"": """", ""chiffre_affaires"": """", ""tranche_effectif"": """", ""taille_entreprise"": """", ""reservation_agence_link"": """", ""confirmation_agence_link"": ""https://www.hercule.dev/confirm-reservation.html/iKwnI5?email=sergemichiels%40skynet.be"", ""reservation_entreprise_link"": ""https://www.hercule.dev/reservation-entreprise.html/iKwnI5""}",COMPTABLE,valid,include:accounting@COMPTABLE
01a08b4c-d215-799f-abe5-fa51e7216578,ben@gewoonben.be,SGAccountancy,,SGAccountancy | Boekhoudkantoor Bornem,sgaccountancy.be,,,Bookkeeping service,Boekhouder,"Bookkeeping service, Accounting firm, Investment service, Tax attorney, Tax preparation",Bornem,Expertise comptable,Cabinets EC vol (Outscraper taxonomy),Cabinets EC vol (Outscraper taxonomy),,,,,,,,,,,"{""firstName"": ""SGAccountancy"", ""companyName"": ""SGAccountancy | Boekhoudkantoor Bornem"", ""naf"": """", ""city"": ""Bornem"", ""link"": """", ""type"": ""Bookkeeping service"", ""niche"": ""Cabinets EC vol (Outscraper taxonomy)"", ""siren"": """", ""siret"": """", ""statut"": ""NOTBOOKED"", ""service"": ""Expertise comptable"", ""category"": ""Boekhouder"", ""effectif"": """", ""subniche"": ""Cabinets EC vol (Outscraper taxonomy)"", ""subtypes"": ""Bookkeeping service, Accounting firm, Investment service, Tax attorney, Tax preparation"", ""lead_score"": """", ""confirm_link"": """", ""tracking_url"": """", ""annee_creation"": """", ""forme_juridique"": """", ""chiffre_affaires"": """", ""tranche_effectif"": """", ""taille_entreprise"": """", ""reservation_agence_link"": """", ""confirmation_agence_link"": ""https://www.hercule.dev/confirm-reservation.html/Iw6HXH?email=ben%40gewoonben.be"", ""reservation_entreprise_link"": ""https://www.hercule.dev/reservation-entreprise.html/Iw6HXH""}",COMPTABLE,valid,include:accounting@COMPTABLE
01a08b4c-d215-799f-abe5-fa520a40ae75,bagourotogola0311@gmail.com,Global,,Global Expertise,,,,Accountant,Comptable,Accountant,Aubervilliers,Expertise comptable,Cabinets EC vol (Outscraper taxonomy),Cabinets EC vol (Outscraper taxonomy),,,,,,,,,,,"{""firstName"": ""Global"", ""companyName"": ""Global Expertise"", ""naf"": """", ""city"": ""Aubervilliers"", ""link"": """", ""type"": ""Accountant"", ""niche"": ""Cabinets EC vol (Outscraper taxonomy)"", ""siren"": """", ""siret"": """", ""statut"": ""NOTBOOKED"", ""service"": ""Expertise comptable"", ""category"": ""Comptable"", ""effectif"": """", ""subniche"": ""Cabinets EC vol (Outscraper taxonomy)"", ""subtypes"": ""Accountant"", ""lead_score"": """", ""confirm_link"": """", ""tracking_url"": """", ""annee_creation"": """", ""forme_juridique"": """", ""chiffre_affaires"": """", ""tranche_effectif"": """", ""taille_entreprise"": """", ""reservation_agence_link"": """", ""confirmation_agence_link"": ""https://www.hercule.dev/confirm-reservation.html/EwPzce?email=bagourotogola0311%40gmail.com"", ""reservation_entreprise_link"": ""https://www.hercule.dev/reservation-entreprise.html/EwPzce""}",COMPTABLE,valid,include:accountant@COMPTABLE
01a08b4c-d215-799f-abe5-fa53f7b684c1,elodie@abcliberal.fr,ABC,,ABC Libéral,,,,Accountant,Comptable,Accountant,Paris,Expertise comptable,Cabinets EC vol (Outscraper taxonomy),Cabinets EC vol (Outscraper taxonomy),,,,,,,,,,,"{""firstName"": ""ABC"", ""companyName"": ""ABC Libéral"", ""naf"": """", ""city"": ""Paris"", ""link"": """", ""type"": ""Accountant"", ""niche"": ""Cabinets EC vol (Outscraper taxonomy)"", ""siren"": """", ""siret"": """", ""statut"": ""NOTBOOKED"", ""service"": ""Expertise comptable"", ""category"": ""Comptable"", ""effectif"": """", ""subniche"": ""Cabinets EC vol (Outscraper taxonomy)"", ""subtypes"": ""Accountant"", ""lead_score"": """", ""confirm_link"": """", ""tracking_url"": """", ""annee_creation"": """", ""forme_juridique"": """", ""chiffre_affaires"": """", ""tranche_effectif"": """", ""taille_entreprise"": """", ""reservation_agence_link"": """", ""confirmation_agence_link"": ""https://www.hercule.dev/confirm-reservation.html/ygOBzf?email=elodie%40abcliberal.fr"", ""reservation_entreprise_link"": ""https://www.hercule.dev/reservation-entreprise.html/ygOBzf""}",COMPTABLE,valid,include:accountant@COMPTABLE
01a08b4c-d215-799f-abe5-fa5456e127b4,adarquenne@darquenne.be,Bureau,,Bureau Comptable Darquenne SRL,bureau-comptable-darquenne.be,,,Certified public accountant,Expert-comptable,Certified public accountant,La Louvière,Expertise comptable,Cabinets EC vol (Outscraper taxonomy),Cabinets EC vol (Outscraper taxonomy),,,,,,,,,,,"{""firstName"": ""Bureau"", ""companyName"": ""Bureau Comptable Darquenne SRL"", ""naf"": """", ""city"": ""La Louvière"", ""link"": """", ""type"": ""Certified public accountant"", ""niche"": ""Cabinets EC vol (Outscraper taxonomy)"", ""siren"": """", ""siret"": """", ""statut"": ""NOTBOOKED"", ""service"": ""Expertise comptable"", ""category"": ""Expert-comptable"", ""effectif"": """", ""subniche"": ""Cabinets EC vol (Outscraper taxonomy)"", ""subtypes"": ""Certified public accountant"", ""lead_score"": """", ""confirm_link"": """", ""tracking_url"": """", ""annee_creation"": """", ""forme_juridique"": """", ""chiffre_affaires"": """", ""tranche_effectif"": """", ""taille_entreprise"": """", ""reservation_agence_link"": """", ""confirmation_agence_link"": ""https://www.hercule.dev/confirm-reservation.html/c6n05S?email=adarquenne%40darquenne.be"", ""reservation_entreprise_link"": ""https://www.hercule.dev/reservation-entreprise.html/c6n05S""}",COMPTABLE,valid,include:expert-comptable@COMPTABLE
01a08b4c-d215-799f-abe5-fa55b45b65f5,roberto@fisconsult.eu,Fisconsult,,Fisconsult SRL - expert-comptable et fiscal certifié ITAA,fisconsult.be,,,Certified public accountant,Expert-comptable,Certified public accountant,La Louvière,Expertise comptable,Cabinets EC vol (Outscraper taxonomy),Cabinets EC vol (Outscraper taxonomy),,,,,,,,,,,"{""firstName"": ""Fisconsult"", ""companyName"": ""Fisconsult SRL - expert-comptable et fiscal certifié ITAA"", ""naf"": """", ""city"": ""La Louvière"", ""link"": """", ""type"": ""Certified public accountant"", ""niche"": ""Cabinets EC vol (Outscraper taxonomy)"", ""siren"": """", ""siret"": """", ""statut"": ""NOTBOOKED"", ""service"": ""Expertise comptable"", ""category"": ""Expert-comptable"", ""effectif"": """", ""subniche"": ""Cabinets EC vol (Outscraper taxonomy)"", ""subtypes"": ""Certified public accountant"", ""lead_score"": """", ""confirm_link"": """", ""tracking_url"": """", ""annee_creation"": """", ""forme_juridique"": """", ""chiffre_affaires"": """", ""tranche_effectif"": """", ""taille_entreprise"": """", ""reservation_agence_link"": """", ""confirmation_agence_link"": ""https://www.hercule.dev/confirm-reservation.html/h8adSX?email=roberto%40fisconsult.eu"", ""reservation_entreprise_link"": ""https://www.hercule.dev/reservation-entreprise.html/h8adSX""}",COMPTABLE,valid,include:expert-comptable@COMPTABLE
01a08b4c-d216-7540-9c42-b4ab355d0e53,contact@comptacentre.be,COMPTABLE,,COMPTABLE La Louvière - Compta Centre Geremia,comptacentre.be,,,Certified public accountant,Expert-comptable,"Certified public accountant, Financial consultant",Bois-d'Haine,Expertise comptable,Cabinets EC vol (Outscraper taxonomy),Cabinets EC vol (Outscraper taxonomy),,,,,,,,,,,"{""firstName"": ""COMPTABLE"", ""companyName"": ""COMPTABLE La Louvière - Compta Centre Geremia"", ""naf"": """", ""city"": ""Bois-d'Haine"", ""link"": """", ""type"": ""Certified public accountant"", ""niche"": ""Cabinets EC vol (Outscraper taxonomy)"", ""siren"": """", ""siret"": """", ""statut"": ""NOTBOOKED"", ""service"": ""Expertise comptable"", ""category"": ""Expert-comptable"", ""effectif"": """", ""subniche"": ""Cabinets EC vol (Outscraper taxonomy)"", ""subtypes"": ""Certified public accountant, Financial consultant"", ""lead_score"": """", ""confirm_link"": """", ""tracking_url"": """", ""annee_creation"": """", ""forme_juridique"": """", ""chiffre_affaires"": """", ""tranche_effectif"": """", ""taille_entreprise"": """", ""reservation_agence_link"": """", ""confirmation_agence_link"": ""https://www.hercule.dev/confirm-reservation.html/bDGDYw?email=contact%40comptacentre.be"", ""reservation_entreprise_link"": ""https://www.hercule.dev/reservation-entreprise.html/bDGDYw""}",COMPTABLE,valid,include:expert-comptable@COMPTABLE
01a08b4c-d216-7540-9c42-b4aceca63bb0,info@comptahennebert.be,Fiduciaire,,Fiduciaire Hennebert Yves,fiduciairehennebert.be,,,Certified public accountant,Expert-comptable,"Certified public accountant, Tax consultant",La Louvière,Expertise comptable,Cabinets EC vol (Outscraper taxonomy),Cabinets EC vol (Outscraper taxonomy),,,,,,,,,,,"{""firstName"": ""Fiduciaire"", ""companyName"": ""Fiduciaire Hennebert Yves"", ""naf"": """", ""city"": ""La Louvière"", ""link"": """", ""type"": ""Certified public accountant"", ""niche"": ""Cabinets EC vol (Outscraper taxonomy)"", ""siren"": """", ""siret"": """", ""statut"": ""NOTBOOKED"", ""service"": ""Expertise comptable"", ""category"": ""Expert-comptable"", ""effectif"": """", ""subniche"": ""Cabinets EC vol (Outscraper taxonomy)"", ""subtypes"": ""Certified public accountant, Tax consultant"", ""lead_score"": """", ""confirm_link"": """", ""tracking_url"": """", ""annee_creation"": """", ""forme_juridique"": """", ""chiffre_affaires"": """", ""tranche_effectif"": """", ""taille_entreprise"": """", ""reservation_agence_link"": """", ""confirmation_agence_link"": ""https://www.hercule.dev/confirm-reservation.html/P3J2BH?email=info%40comptahennebert.be"", ""reservation_entreprise_link"": ""https://www.hercule.dev/reservation-entreprise.html/P3J2BH""}",COMPTABLE,valid,include:expert-comptable@COMPTABLE
01a08b4d-d2b3-7213-b6f2-afc6f46cc037,angelo@sofigeco.be,SOFIGECO,,SOFIGECO,sofigeco.be,,,Certified public accountant,Expert-comptable,"Certified public accountant, Tax consultant",La Louvière,Expertise comptable,Cabinets EC vol (Outscraper taxonomy),Cabinets EC vol (Outscraper taxonomy),,,,,,,,,,,"{""firstName"": ""SOFIGECO"", ""companyName"": ""SOFIGECO"", ""naf"": """", ""city"": ""La Louvière"", ""link"": """", ""type"": ""Certified public accountant"", ""niche"": ""Cabinets EC vol (Outscraper taxonomy)"", ""siren"": """", ""siret"": """", ""statut"": ""NOTBOOKED"", ""service"": ""Expertise comptable"", ""category"": ""Expert-comptable"", ""effectif"": """", ""subniche"": ""Cabinets EC vol (Outscraper taxonomy)"", ""subtypes"": ""Certified public accountant, Tax consultant"", ""lead_score"": """", ""confirm_link"": """", ""tracking_url"": """", ""annee_creation"": """", ""forme_juridique"": """", ""chiffre_affaires"": """", ""tranche_effectif"": """", ""taille_entreprise"": """", ""reservation_agence_link"": """", ""confirmation_agence_link"": ""https://www.hercule.dev/confirm-reservation.html/Cyo8hq?email=angelo%40sofigeco.be"", ""reservation_entreprise_link"": ""https://www.hercule.dev/reservation-entreprise.html/Cyo8hq""}",COMPTABLE,valid,include:expert-comptable@COMPTABLE
01a08b4d-d2b3-7213-b6f2-afc746bcc0af,j.halfkan@webdigit.be,Fiduciaire,,Fiduciaire Lemaire,fiduciairelemaire.be,,,Certified public accountant,Expert-comptable,"Certified public accountant, Tax consultant",La Louvière,Expertise comptable,Cabinets EC vol (Outscraper taxonomy),Cabinets EC vol (Outscraper taxonomy),,,,,,,,,,,"{""firstName"": ""Fiduciaire"", ""companyName"": ""Fiduciaire Lemaire"", ""naf"": """", ""city"": ""La Louvière"", ""link"": """", ""type"": ""Certified public accountant"", ""niche"": ""Cabinets EC vol (Outscraper taxonomy)"", ""siren"": """", ""siret"": """", ""statut"": ""NOTBOOKED"", ""service"": ""Expertise comptable"", ""category"": ""Expert-comptable"", ""effectif"": """", ""subniche"": ""Cabinets EC vol (Outscraper taxonomy)"", ""subtypes"": ""Certified public accountant, Tax consultant"", ""lead_score"": """", ""confirm_link"": """", ""tracking_url"": """", ""annee_creation"": """", ""forme_juridique"": """", ""chiffre_affaires"": """", ""tranche_effectif"": """", ""taille_entreprise"": """", ""reservation_agence_link"": """", ""confirmation_agence_link"": ""https://www.hercule.dev/confirm-reservation.html/e7tBVU?email=j.halfkan%40webdigit.be"", ""reservation_entreprise_link"": ""https://www.hercule.dev/reservation-entreprise.html/e7tBVU""}",COMPTABLE,valid,include:expert-comptable@COMPTABLE
01a08b4d-d2b3-7213-b6f2-afc83bf7d720,scsbureaucomptabledallenogare@gmail.com,Bureau,,Bureau comptable Dalle Nogare,bureaucomptabledallenogare.be,,,Certified public accountant,Comptable,"Certified public accountant, Accountant, Tax consultant",La Louvière,Expertise comptable,Cabinets EC vol (Outscraper taxonomy),Cabinets EC vol (Outscraper taxonomy),,,,,,,,,,,"{""firstName"": ""Bureau"", ""companyName"": ""Bureau comptable Dalle Nogare"", ""naf"": """", ""city"": ""La Louvière"", ""link"": """", ""type"": ""Certified public accountant"", ""niche"": ""Cabinets EC vol (Outscraper taxonomy)"", ""siren"": """", ""siret"": """", ""statut"": ""NOTBOOKED"", ""service"": ""Expertise comptable"", ""category"": ""Comptable"", ""effectif"": """", ""subniche"": ""Cabinets EC vol (Outscraper taxonomy)"", ""subtypes"": ""Certified public accountant, Accountant, Tax consultant"", ""lead_score"": """", ""confirm_link"": """", ""tracking_url"": """", ""annee_creation"": """", ""forme_juridique"": """", ""chiffre_affaires"": """", ""tranche_effectif"": """", ""taille_entreprise"": """", ""reservation_agence_link"": """", ""confirmation_agence_link"": ""https://www.hercule.dev/confirm-reservation.html/zkilzi?email=scsbureaucomptabledallenogare%40gmail.com"", ""reservation_entreprise_link"": ""https://www.hercule.dev/reservation-entreprise.html/zkilzi""}",COMPTABLE,valid,include:accountant@COMPTABLE
01a08b4d-d2b3-7213-b6f2-afc949d8d943,contact@accf.be,ACCF,,ACCF - Audit et Conseils en Comptabilité et Fiscalité,accf.be,,,Certified public accountant,Expert-comptable,"Certified public accountant, Tax consultant, Tax preparation",La Louvière,Expertise comptable,Cabinets EC vol (Outscraper taxonomy),Cabinets EC vol (Outscraper taxonomy),,,,,,,,,,,"{""firstName"": ""ACCF"", ""companyName"": ""ACCF - Audit et Conseils en Comptabilité et Fiscalité"", ""naf"": """", ""city"": ""La Louvière"", ""link"": """", ""type"": ""Certified public accountant"", ""niche"": ""Cabinets EC vol (Outscraper taxonomy)"", ""siren"": """", ""siret"": """", ""statut"": ""NOTBOOKED"", ""service"": ""Expertise comptable"", ""category"": ""Expert-comptable"", ""effectif"": """", ""subniche"": ""Cabinets EC vol (Outscraper taxonomy)"", ""subtypes"": ""Certified public accountant, Tax consultant, Tax preparation"", ""lead_score"": """", ""confirm_link"": """", ""tracking_url"": """", ""annee_creation"": """", ""forme_juridique"": """", ""chiffre_affaires"": """", ""tranche_effectif"": """", ""taille_entreprise"": """", ""reservation_agence_link"": """", ""confirmation_agence_link"": ""https://www.hercule.dev/confirm-reservation.html/Zbyow6?email=contact%40accf.be"", ""reservation_entreprise_link"": ""https://www.hercule.dev/reservation-entreprise.html/Zbyow6""}",COMPTABLE,valid,include:expert-comptable@COMPTABLE
01a08b4d-d2b3-7213-b6f2-afca5fa3ee85,info@analyses-comptables.be,Analyses,,Analyses Comptables,analyses-comptables.be,,,Accountant,Comptable,Accountant,Wavre,Expertise comptable,Cabinets EC vol (Outscraper taxonomy),Cabinets EC vol (Outscraper taxonomy),,,,,,,,,,,"{""firstName"": ""Analyses"", ""companyName"": ""Analyses Comptables"", ""naf"": """", ""city"": ""Wavre"", ""link"": """", ""type"": ""Accountant"", ""niche"": ""Cabinets EC vol (Outscraper taxonomy)"", ""siren"": """", ""siret"": """", ""statut"": ""NOTBOOKED"", ""service"": ""Expertise comptable"", ""category"": ""Comptable"", ""effectif"": """", ""subniche"": ""Cabinets EC vol (Outscraper taxonomy)"", ""subtypes"": ""Accountant"", ""lead_score"": """", ""confirm_link"": """", ""tracking_url"": """", ""annee_creation"": """", ""forme_juridique"": """", ""chiffre_affaires"": """", ""tranche_effectif"": """", ""taille_entreprise"": """", ""reservation_agence_link"": """", ""confirmation_agence_link"": ""https://www.hercule.dev/confirm-reservation.html/5VA9SY?email=info%40analyses-comptables.be"", ""reservation_entreprise_link"": ""https://www.hercule.dev/reservation-entreprise.html/5VA9SY""}",COMPTABLE,valid,include:accountant@COMPTABLE
01a08b4d-d2b3-7213-b6f2-afcb3c5950a4,info@a-f-m.be,Bureau,,Bureau d'Expertise Comptable AFM - Accounting for More SRL,accountingformore.be,,,Certified public accountant,Expert-comptable,"Certified public accountant, Business management consultant",Gerpinnes,Expertise comptable,Cabinets EC vol (Outscraper taxonomy),Cabinets EC vol (Outscraper taxonomy),,,,,,,,,,,"{""firstName"": ""Bureau"", ""companyName"": ""Bureau d'Expertise Comptable AFM - Accounting for More SRL"", ""naf"": """", ""city"": ""Gerpinnes"", ""link"": """", ""type"": ""Certified public accountant"", ""niche"": ""Cabinets EC vol (Outscraper taxonomy)"", ""siren"": """", ""siret"": """", ""statut"": ""NOTBOOKED"", ""service"": ""Expertise comptable"", ""category"": ""Expert-comptable"", ""effectif"": """", ""subniche"": ""Cabinets EC vol (Outscraper taxonomy)"", ""subtypes"": ""Certified public accountant, Business management consultant"", ""lead_score"": """", ""confirm_link"": """", ""tracking_url"": """", ""annee_creation"": """", ""forme_juridique"": """", ""chiffre_affaires"": """", ""tranche_effectif"": """", ""taille_entreprise"": """", ""reservation_agence_link"": """", ""confirmation_agence_link"": ""https://www.hercule.dev/confirm-reservation.html/hzfNjW?email=info%40a-f-m.be"", ""reservation_entreprise_link"": ""https://www.hercule.dev/reservation-entreprise.html/hzfNjW""}",COMPTABLE,valid,include:expert-comptable@COMPTABLE
01a08b4d-d2b3-7213-b6f2-afcc61acc950,costalungaa@pardoen.be,Fiduciaire,,Fiduciaire Pardoen sa,pardoen.be,,,Accountant,Comptable,Accountant,Charleroi,Expertise comptable,Cabinets EC vol (Outscraper taxonomy),Cabinets EC vol (Outscraper taxonomy),,,,,,,,,,,"{""firstName"": ""Fiduciaire"", ""companyName"": ""Fiduciaire Pardoen sa"", ""naf"": """", ""city"": ""Charleroi"", ""link"": """", ""type"": ""Accountant"", ""niche"": ""Cabinets EC vol (Outscraper taxonomy)"", ""siren"": """", ""siret"": """", ""statut"": ""NOTBOOKED"", ""service"": ""Expertise comptable"", ""category"": ""Comptable"", ""effectif"": """", ""subniche"": ""Cabinets EC vol (Outscraper taxonomy)"", ""subtypes"": ""Accountant"", ""lead_score"": """", ""confirm_link"": """", ""tracking_url"": """", ""annee_creation"": """", ""forme_juridique"": """", ""chiffre_affaires"": """", ""tranche_effectif"": """", ""taille_entreprise"": """", ""reservation_agence_link"": """", ""confirmation_agence_link"": ""https://www.hercule.dev/confirm-reservation.html/XMKEop?email=costalungaa%40pardoen.be"", ""reservation_entreprise_link"": ""https://www.hercule.dev/reservation-entreprise.html/XMKEop""}",COMPTABLE,valid,include:accountant@COMPTABLE
01a08b4d-d2b3-7213-b6f2-afcd8dfeb9f5,info@easy-compta.be,Easy-Compta,,Easy-Compta SPRL,easy-compta.be,,,Certified public accountant,Expert-comptable,Certified public accountant,Jurbise,Expertise comptable,Cabinets EC vol (Outscraper taxonomy),Cabinets EC vol (Outscraper taxonomy),,,,,,,,,,,"{""firstName"": ""Easy-Compta"", ""companyName"": ""Easy-Compta SPRL"", ""naf"": """", ""city"": ""Jurbise"", ""link"": """", ""type"": ""Certified public accountant"", ""niche"": ""Cabinets EC vol (Outscraper taxonomy)"", ""siren"": """", ""siret"": """", ""statut"": ""NOTBOOKED"", ""service"": ""Expertise comptable"", ""category"": ""Expert-comptable"", ""effectif"": """", ""subniche"": ""Cabinets EC vol (Outscraper taxonomy)"", ""subtypes"": ""Certified public accountant"", ""lead_score"": """", ""confirm_link"": """", ""tracking_url"": """", ""annee_creation"": """", ""forme_juridique"": """", ""chiffre_affaires"": """", ""tranche_effectif"": """", ""taille_entreprise"": """", ""reservation_agence_link"": """", ""confirmation_agence_link"": ""https://www.hercule.dev/confirm-reservation.html/6b5ZLO?email=info%40easy-compta.be"", ""reservation_entreprise_link"": ""https://www.hercule.dev/reservation-entreprise.html/6b5ZLO""}",COMPTABLE,valid,include:expert-comptable@COMPTABLE
01a08b4d-d2b3-7213-b6f2-afcea0bfdfac,jane@rsmbelgium.be,Rsm,,Rsm Services,rsm-belgium.be,,,Accountant,Comptable,Accountant,Mons,Expertise comptable,Cabinets EC vol (Outscraper taxonomy),Cabinets EC vol (Outscraper taxonomy),,,,,,,,,,,"{""firstName"": ""Rsm"", ""companyName"": ""Rsm Services"", ""naf"": """", ""city"": ""Mons"", ""link"": """", ""type"": ""Accountant"", ""niche"": ""Cabinets EC vol (Outscraper taxonomy)"", ""siren"": """", ""siret"": """", ""statut"": ""NOTBOOKED"", ""service"": ""Expertise comptable"", ""category"": ""Comptable"", ""effectif"": """", ""subniche"": ""Cabinets EC vol (Outscraper taxonomy)"", ""subtypes"": ""Accountant"", ""lead_score"": """", ""confirm_link"": """", ""tracking_url"": """", ""annee_creation"": """", ""forme_juridique"": """", ""chiffre_affaires"": """", ""tranche_effectif"": """", ""taille_entreprise"": """", ""reservation_agence_link"": """", ""confirmation_agence_link"": ""https://www.hercule.dev/confirm-reservation.html/hhTlm2?email=jane%40rsmbelgium.be"", ""reservation_entreprise_link"": ""https://www.hercule.dev/reservation-entreprise.html/hhTlm2""}",COMPTABLE,valid,include:accountant@COMPTABLE
01a08b4d-d2b3-7213-b6f2-afcfd98c7ab2,info@themis-security.be,Ficodex,,Ficodex,ficodex.be,,,Accountant,Comptable,Accountant,Brussels,Expertise comptable,Cabinets EC vol (Outscraper taxonomy),Cabinets EC vol (Outscraper taxonomy),,,,,,,,,,,"{""firstName"": ""Ficodex"", ""companyName"": ""Ficodex"", ""naf"": """", ""city"": ""Brussels"", ""link"": """", ""type"": ""Accountant"", ""niche"": ""Cabinets EC vol (Outscraper taxonomy)"", ""siren"": """", ""siret"": """", ""statut"": ""NOTBOOKED"", ""service"": ""Expertise comptable"", ""category"": ""Comptable"", ""effectif"": """", ""subniche"": ""Cabinets EC vol (Outscraper taxonomy)"", ""subtypes"": ""Accountant"", ""lead_score"": """", ""confirm_link"": """", ""tracking_url"": """", ""annee_creation"": """", ""forme_juridique"": """", ""chiffre_affaires"": """", ""tranche_effectif"": """", ""taille_entreprise"": """", ""reservation_agence_link"": """", ""confirmation_agence_link"": ""https://www.hercule.dev/confirm-reservation.html/fIcAWC?email=info%40themis-security.be"", ""reservation_entreprise_link"": ""https://www.hercule.dev/reservation-entreprise.html/fIcAWC""}",COMPTABLE,valid,include:accountant@COMPTABLE
01a08b4d-d2b3-7213-b6f2-afd0f72d7985,ee@gelan-fiducia.be,Gelan,,Gelan Fiducia,gelan-fiducia.be,,,Accountant,Comptable,Accountant,Bruxelles,Expertise comptable,Cabinets EC vol (Outscraper taxonomy),Cabinets EC vol (Outscraper taxonomy),,,,,,,,,,,"{""firstName"": ""Gelan"", ""companyName"": ""Gelan Fiducia"", ""naf"": """", ""city"": ""Bruxelles"", ""link"": """", ""type"": ""Accountant"", ""niche"": ""Cabinets EC vol (Outscraper taxonomy)"", ""siren"": """", ""siret"": """", ""statut"": ""NOTBOOKED"", ""service"": ""Expertise comptable"", ""category"": ""Comptable"", ""effectif"": """", ""subniche"": ""Cabinets EC vol (Outscraper taxonomy)"", ""subtypes"": ""Accountant"", ""lead_score"": """", ""confirm_link"": """", ""tracking_url"": """", ""annee_creation"": """", ""forme_juridique"": """", ""chiffre_affaires"": """", ""tranche_effectif"": """", ""taille_entreprise"": """", ""reservation_agence_link"": """", ""confirmation_agence_link"": ""https://www.hercule.dev/confirm-reservation.html/cvgBlU?email=ee%40gelan-fiducia.be"", ""reservation_entreprise_link"": ""https://www.hercule.dev/reservation-entreprise.html/cvgBlU""}",COMPTABLE,valid,include:accountant@COMPTABLE
01a08b4d-d2b3-7213-b6f2-afd1a949f073,olivier@odsconsult.be,ODS,,ODS Consult,odsconsult.be,,,Certified public accountant,Expert-comptable,Certified public accountant,Liège,Expertise comptable,Cabinets EC vol (Outscraper taxonomy),Cabinets EC vol (Outscraper taxonomy),,,,,,,,,,,"{""firstName"": ""ODS"", ""companyName"": ""ODS Consult"", ""naf"": """", ""city"": ""Liège"", ""link"": """", ""type"": ""Certified public accountant"", ""niche"": ""Cabinets EC vol (Outscraper taxonomy)"", ""siren"": """", ""siret"": """", ""statut"": ""NOTBOOKED"", ""service"": ""Expertise comptable"", ""category"": ""Expert-comptable"", ""effectif"": """", ""subniche"": ""Cabinets EC vol (Outscraper taxonomy)"", ""subtypes"": ""Certified public accountant"", ""lead_score"": """", ""confirm_link"": """", ""tracking_url"": """", ""annee_creation"": """", ""forme_juridique"": """", ""chiffre_affaires"": """", ""tranche_effectif"": """", ""taille_entreprise"": """", ""reservation_agence_link"": """", ""confirmation_agence_link"": ""https://www.hercule.dev/confirm-reservation.html/pRCGJ6?email=olivier%40odsconsult.be"", ""reservation_entreprise_link"": ""https://www.hercule.dev/reservation-entreprise.html/pRCGJ6""}",COMPTABLE,valid,include:expert-comptable@COMPTABLE
01a08b4d-d2b3-7213-b6f2-afd208d18022,info@boekhoudhuis.be,Boekhoudhuis,,Boekhoudhuis,boekhoudhuis.be,,,Accounting firm,Accountantskantoor,Accounting firm,Bruges,Expertise comptable,Cabinets EC vol (Outscraper taxonomy),Cabinets EC vol (Outscraper taxonomy),,,,,,,,,,,"{""firstName"": ""Boekhoudhuis"", ""companyName"": ""Boekhoudhuis"", ""naf"": """", ""city"": ""Bruges"", ""link"": """", ""type"": ""Accounting firm"", ""niche"": ""Cabinets EC vol (Outscraper taxonomy)"", ""siren"": """", ""siret"": """", ""statut"": ""NOTBOOKED"", ""service"": ""Expertise comptable"", ""category"": ""Accountantskantoor"", ""effectif"": """", ""subniche"": ""Cabinets EC vol (Outscraper taxonomy)"", ""subtypes"": ""Accounting firm"", ""lead_score"": """", ""confirm_link"": """", ""tracking_url"": """", ""annee_creation"": """", ""forme_juridique"": """", ""chiffre_affaires"": """", ""tranche_effectif"": """", ""taille_entreprise"": """", ""reservation_agence_link"": """", ""confirmation_agence_link"": ""https://www.hercule.dev/confirm-reservation.html/uMOWz5?email=info%40boekhoudhuis.be"", ""reservation_entreprise_link"": ""https://www.hercule.dev/reservation-entreprise.html/uMOWz5""}",COMPTABLE,valid,include:accounting@COMPTABLE
01a08b4d-d2b3-7213-b6f2-afd3a6989d83,info@ciage.be,C.I.A.G.E.,,C.I.A.G.E.,ciage.be,,,Certified public accountant,Expert-comptable,Certified public accountant,Auderghem,Expertise comptable,Cabinets EC vol (Outscraper taxonomy),Cabinets EC vol (Outscraper taxonomy),,,,,,,,,,,"{""firstName"": ""C.I.A.G.E."", ""companyName"": ""C.I.A.G.E."", ""naf"": """", ""city"": ""Auderghem"", ""link"": """", ""type"": ""Certified public accountant"", ""niche"": ""Cabinets EC vol (Outscraper taxonomy)"", ""siren"": """", ""siret"": """", ""statut"": ""NOTBOOKED"", ""service"": ""Expertise comptable"", ""category"": ""Expert-comptable"", ""effectif"": """", ""subniche"": ""Cabinets EC vol (Outscraper taxonomy)"", ""subtypes"": ""Certified public accountant"", ""lead_score"": """", ""confirm_link"": """", ""tracking_url"": """", ""annee_creation"": """", ""forme_juridique"": """", ""chiffre_affaires"": """", ""tranche_effectif"": """", ""taille_entreprise"": """", ""reservation_agence_link"": """", ""confirmation_agence_link"": ""https://www.hercule.dev/confirm-reservation.html/PfabZN?email=info%40ciage.be"", ""reservation_entreprise_link"": ""https://www.hercule.dev/reservation-entreprise.html/PfabZN""}",COMPTABLE,valid,include:expert-comptable@COMPTABLE
01a08b4d-d2b3-7213-b6f2-afd49377889c,christine.lehance@ifapme.be,PME,,PME,ifapme.be/centre-de-formations/charleroi,,,Accountant,Comptable,Accountant,Charleroi,Expertise comptable,Cabinets EC vol (Outscraper taxonomy),Cabinets EC vol (Outscraper taxonomy),,,,,,,,,,,"{""firstName"": ""PME"", ""companyName"": ""PME"", ""naf"": """", ""city"": ""Charleroi"", ""link"": """", ""type"": ""Accountant"", ""niche"": ""Cabinets EC vol (Outscraper taxonomy)"", ""siren"": """", ""siret"": """", ""statut"": ""NOTBOOKED"", ""service"": ""Expertise comptable"", ""category"": ""Comptable"", ""effectif"": """", ""subniche"": ""Cabinets EC vol (Outscraper taxonomy)"", ""subtypes"": ""Accountant"", ""lead_score"": """", ""confirm_link"": """", ""tracking_url"": """", ""annee_creation"": """", ""forme_juridique"": """", ""chiffre_affaires"": """", ""tranche_effectif"": """", ""taille_entreprise"": """", ""reservation_agence_link"": """", ""confirmation_agence_link"": ""https://www.hercule.dev/confirm-reservation.html/UjfOzB?email=christine.lehance%40ifapme.be"", ""reservation_entreprise_link"": ""https://www.hercule.dev/reservation-entreprise.html/UjfOzB""}",COMPTABLE,valid,include:accountant@COMPTABLE
01a08b4d-d2b3-7213-b6f2-afd5a7dcc031,info@sokaygestion.be,Sokay,,Sokay Gestion,sokaygestion.be,,,Accountant,Comptable,Accountant,Braine-l'Alleud,Expertise comptable,Cabinets EC vol (Outscraper taxonomy),Cabinets EC vol (Outscraper taxonomy),,,,,,,,,,,"{""firstName"": ""Sokay"", ""companyName"": ""Sokay Gestion"", ""naf"": """", ""city"": ""Braine-l'Alleud"", ""link"": """", ""type"": ""Accountant"", ""niche"": ""Cabinets EC vol (Outscraper taxonomy)"", ""siren"": """", ""siret"": """", ""statut"": ""NOTBOOKED"", ""service"": ""Expertise comptable"", ""category"": ""Comptable"", ""effectif"": """", ""subniche"": ""Cabinets EC vol (Outscraper taxonomy)"", ""subtypes"": ""Accountant"", ""lead_score"": """", ""confirm_link"": """", ""tracking_url"": """", ""annee_creation"": """", ""forme_juridique"": """", ""chiffre_affaires"": """", ""tranche_effectif"": """", ""taille_entreprise"": """", ""reservation_agence_link"": """", ""confirmation_agence_link"": ""https://www.hercule.dev/confirm-reservation.html/RBvqcN?email=info%40sokaygestion.be"", ""reservation_entreprise_link"": ""https://www.hercule.dev/reservation-entreprise.html/RBvqcN""}",COMPTABLE,valid,include:accountant@COMPTABLE
01a08b4d-d2b3-7213-b6f2-afd6c52baa25,lesc@bsearch.be,Abc,,Abc Compta,bsearch.be/infosociete/2/8385306449798228/g10/se/abc-compta-bastogne-fr.html,,,Accountant,Comptable,Accountant,Bastogne,Expertise comptable,Cabinets EC vol (Outscraper taxonomy),Cabinets EC vol (Outscraper taxonomy),,,,,,,,,,,"{""firstName"": ""Abc"", ""companyName"": ""Abc Compta"", ""naf"": """", ""city"": ""Bastogne"", ""link"": """", ""type"": ""Accountant"", ""niche"": ""Cabinets EC vol (Outscraper taxonomy)"", ""siren"": """", ""siret"": """", ""statut"": ""NOTBOOKED"", ""service"": ""Expertise comptable"", ""category"": ""Comptable"", ""effectif"": """", ""subniche"": ""Cabinets EC vol (Outscraper taxonomy)"", ""subtypes"": ""Accountant"", ""lead_score"": """", ""confirm_link"": """", ""tracking_url"": """", ""annee_creation"": """", ""forme_juridique"": """", ""chiffre_affaires"": """", ""tranche_effectif"": """", ""taille_entreprise"": """", ""reservation_agence_link"": """", ""confirmation_agence_link"": ""https://www.hercule.dev/confirm-reservation.html/ZHSYZK?email=lesc%40bsearch.be"", ""reservation_entreprise_link"": ""https://www.hercule.dev/reservation-entreprise.html/ZHSYZK""}",COMPTABLE,valid,include:accountant@COMPTABLE
01a08b4d-d2b3-7213-b6f2-afd7ba213f0b,bastogne@fidlux.com,Fiduciaires,,Fiduciaires Réunies du Luxembourg sc,fiduciairesreunies.com/fiduciaire-contact.html,,,Accountant,Comptable,Accountant,Bastogne,Expertise comptable,Cabinets EC vol (Outscraper taxonomy),Cabinets EC vol (Outscraper taxonomy),,,,,,,,,,,"{""firstName"": ""Fiduciaires"", ""companyName"": ""Fiduciaires Réunies du Luxembourg sc"", ""naf"": """", ""city"": ""Bastogne"", ""link"": """", ""type"": ""Accountant"", ""niche"": ""Cabinets EC vol (Outscraper taxonomy)"", ""siren"": """", ""siret"": """", ""statut"": ""NOTBOOKED"", ""service"": ""Expertise comptable"", ""category"": ""Comptable"", ""effectif"": """", ""subniche"": ""Cabinets EC vol (Outscraper taxonomy)"", ""subtypes"": ""Accountant"", ""lead_score"": """", ""confirm_link"": """", ""tracking_url"": """", ""annee_creation"": """", ""forme_juridique"": """", ""chiffre_affaires"": """", ""tranche_effectif"": """", ""taille_entreprise"": """", ""reservation_agence_link"": """", ""confirmation_agence_link"": ""https://www.hercule.dev/confirm-reservation.html/pNYyJW?email=bastogne%40fidlux.com"", ""reservation_entreprise_link"": ""https://www.hercule.dev/reservation-entreprise.html/pNYyJW""}",COMPTABLE,valid,include:accountant@COMPTABLE
01a08b4d-d2b3-7213-b6f2-afd87de5f9db,ansinfo@rewi.be,Renaud,,Renaud WINAND - Bureau Comptable ReWI,rewi.be,,,Accountant,Comptable,"Accountant, Bookkeeping service, Tax consultant",Ans,Expertise comptable,Cabinets EC vol (Outscraper taxonomy),Cabinets EC vol (Outscraper taxonomy),,,,,,,,,,,"{""firstName"": ""Renaud"", ""companyName"": ""Renaud WINAND - Bureau Comptable ReWI"", ""naf"": """", ""city"": ""Ans"", ""link"": """", ""type"": ""Accountant"", ""niche"": ""Cabinets EC vol (Outscraper taxonomy)"", ""siren"": """", ""siret"": """", ""statut"": ""NOTBOOKED"", ""service"": ""Expertise comptable"", ""category"": ""Comptable"", ""effectif"": """", ""subniche"": ""Cabinets EC vol (Outscraper taxonomy)"", ""subtypes"": ""Accountant, Bookkeeping service, Tax consultant"", ""lead_score"": """", ""confirm_link"": """", ""tracking_url"": """", ""annee_creation"": """", ""forme_juridique"": """", ""chiffre_affaires"": """", ""tranche_effectif"": """", ""taille_entreprise"": """", ""reservation_agence_link"": """", ""confirmation_agence_link"": ""https://www.hercule.dev/confirm-reservation.html/z7Qkc5?email=ansinfo%40rewi.be"", ""reservation_entreprise_link"": ""https://www.hercule.dev/reservation-entreprise.html/z7Qkc5""}",COMPTABLE,valid,include:accountant@COMPTABLE
01a08b4d-d2b3-7213-b6f2-afd9cf5d7f60,info@bruxellescomptable.be,Bruxelles,,Bruxelles Comptable,bruxellescomptable.be,,,Accountant,Comptable,Accountant,Brussels,Expertise comptable,Cabinets EC vol (Outscraper taxonomy),Cabinets EC vol (Outscraper taxonomy),,,,,,,,,,,"{""firstName"": ""Bruxelles"", ""companyName"": ""Bruxelles Comptable"", ""naf"": """", ""city"": ""Brussels"", ""link"": """", ""type"": ""Accountant"", ""niche"": ""Cabinets EC vol (Outscraper taxonomy)"", ""siren"": """", ""siret"": """", ""statut"": ""NOTBOOKED"", ""service"": ""Expertise comptable"", ""category"": ""Comptable"", ""effectif"": """", ""subniche"": ""Cabinets EC vol (Outscraper taxonomy)"", ""subtypes"": ""Accountant"", ""lead_score"": """", ""confirm_link"": """", ""tracking_url"": """", ""annee_creation"": """", ""forme_juridique"": """", ""chiffre_affaires"": """", ""tranche_effectif"": """", ""taille_entreprise"": """", ""reservation_agence_link"": """", ""confirmation_agence_link"": ""https://www.hercule.dev/confirm-reservation.html/0z7dEj?email=info%40bruxellescomptable.be"", ""reservation_entreprise_link"": ""https://www.hercule.dev/reservation-entreprise.html/0z7dEj""}",COMPTABLE,valid,include:accountant@COMPTABLE
01a08b4d-d2b3-7213-b6f2-afda5dd30951,info@duz-account.be,DUZ,,DUZ ACCOUNT,duz-account.be,,,Accountant,Comptable,Accountant,Schaerbeek,Expertise comptable,Cabinets EC vol (Outscraper taxonomy),Cabinets EC vol (Outscraper taxonomy),,,,,,,,,,,"{""firstName"": ""DUZ"", ""companyName"": ""DUZ ACCOUNT"", ""naf"": """", ""city"": ""Schaerbeek"", ""link"": """", ""type"": ""Accountant"", ""niche"": ""Cabinets EC vol (Outscraper taxonomy)"", ""siren"": """", ""siret"": """", ""statut"": ""NOTBOOKED"", ""service"": ""Expertise comptable"", ""category"": ""Comptable"", ""effectif"": """", ""subniche"": ""Cabinets EC vol (Outscraper taxonomy)"", ""subtypes"": ""Accountant"", ""lead_score"": """", ""confirm_link"": """", ""tracking_url"": """", ""annee_creation"": """", ""forme_juridique"": """", ""chiffre_affaires"": """", ""tranche_effectif"": """", ""taille_entreprise"": """", ""reservation_agence_link"": """", ""confirmation_agence_link"": ""https://www.hercule.dev/confirm-reservation.html/faZfQm?email=info%40duz-account.be"", ""reservation_entreprise_link"": ""https://www.hercule.dev/reservation-entreprise.html/faZfQm""}",COMPTABLE,valid,include:accountant@COMPTABLE
01a08b4d-d2b3-7213-b6f2-afdbf1202afc,altaj@brutele.be,FF,,FF TAX AND LEGAL ADVISERS SRL,fiskophil.com,,,Accountant,Comptable,Accountant,Wemmel,Expertise comptable,Cabinets EC vol (Outscraper taxonomy),Cabinets EC vol (Outscraper taxonomy),,,,,,,,,,,"{""firstName"": ""FF"", ""companyName"": ""FF TAX AND LEGAL ADVISERS SRL"", ""naf"": """", ""city"": ""Wemmel"", ""link"": """", ""type"": ""Accountant"", ""niche"": ""Cabinets EC vol (Outscraper taxonomy)"", ""siren"": """", ""siret"": """", ""statut"": ""NOTBOOKED"", ""service"": ""Expertise comptable"", ""category"": ""Comptable"", ""effectif"": """", ""subniche"": ""Cabinets EC vol (Outscraper taxonomy)"", ""subtypes"": ""Accountant"", ""lead_score"": """", ""confirm_link"": """", ""tracking_url"": """", ""annee_creation"": """", ""forme_juridique"": """", ""chiffre_affaires"": """", ""tranche_effectif"": """", ""taille_entreprise"": """", ""reservation_agence_link"": """", ""confirmation_agence_link"": ""https://www.hercule.dev/confirm-reservation.html/faXREy?email=altaj%40brutele.be"", ""reservation_entreprise_link"": ""https://www.hercule.dev/reservation-entreprise.html/faXREy""}",COMPTABLE,valid,include:accountant@COMPTABLE
01a08b4d-d2b3-7213-b6f2-afdc60394ea7,info@filo-fisc.be,FILOFISC,,FILOFISC Louvain-La-Neuve,filofisc.be,,,Certified public accountant,Expert-comptable,Certified public accountant,Mont-Saint-Guibert,Expertise comptable,Cabinets EC vol (Outscraper taxonomy),Cabinets EC vol (Outscraper taxonomy),,,,,,,,,,,"{""firstName"": ""FILOFISC"", ""companyName"": ""FILOFISC Louvain-La-Neuve"", ""naf"": """", ""city"": ""Mont-Saint-Guibert"", ""link"": """", ""type"": ""Certified public accountant"", ""niche"": ""Cabinets EC vol (Outscraper taxonomy)"", ""siren"": """", ""siret"": """", ""statut"": ""NOTBOOKED"", ""service"": ""Expertise comptable"", ""category"": ""Expert-comptable"", ""effectif"": """", ""subniche"": ""Cabinets EC vol (Outscraper taxonomy)"", ""subtypes"": ""Certified public accountant"", ""lead_score"": """", ""confirm_link"": """", ""tracking_url"": """", ""annee_creation"": """", ""forme_juridique"": """", ""chiffre_affaires"": """", ""tranche_effectif"": """", ""taille_entreprise"": """", ""reservation_agence_link"": """", ""confirmation_agence_link"": ""https://www.hercule.dev/confirm-reservation.html/d8ucTp?email=info%40filo-fisc.be"", ""reservation_entreprise_link"": ""https://www.hercule.dev/reservation-entreprise.html/d8ucTp""}",COMPTABLE,valid,include:expert-comptable@COMPTABLE
01a08b4d-d2b3-7213-b6f2-afdd78e448e5,wim@wvaa.be,Wyns-Van,,Wyns-Van Aeken Accountants,wvaa.be,,,Accounting firm,Accountantskantoor,Accounting firm,Heist-op-den-Berg,Expertise comptable,Cabinets EC vol (Outscraper taxonomy),Cabinets EC vol (Outscraper taxonomy),,,,,,,,,,,"{""firstName"": ""Wyns-Van"", ""companyName"": ""Wyns-Van Aeken Accountants"", ""naf"": """", ""city"": ""Heist-op-den-Berg"", ""link"": """", ""type"": ""Accounting firm"", ""niche"": ""Cabinets EC vol (Outscraper taxonomy)"", ""siren"": """", ""siret"": """", ""statut"": ""NOTBOOKED"", ""service"": ""Expertise comptable"", ""category"": ""Accountantskantoor"", ""effectif"": """", ""subniche"": ""Cabinets EC vol (Outscraper taxonomy)"", ""subtypes"": ""Accounting firm"", ""lead_score"": """", ""confirm_link"": """", ""tracking_url"": """", ""annee_creation"": """", ""forme_juridique"": """", ""chiffre_affaires"": """", ""tranche_effectif"": """", ""taille_entreprise"": """", ""reservation_agence_link"": """", ""confirmation_agence_link"": ""https://www.hercule.dev/confirm-reservation.html/ETgW3Q?email=wim%40wvaa.be"", ""reservation_entreprise_link"": ""https://www.hercule.dev/reservation-entreprise.html/ETgW3Q""}",COMPTABLE,valid,include:accounting@COMPTABLE
01a08b4d-d2b3-7213-b6f2-afde74a5cf41,info@experya.be,EXPERYA,,EXPERYA - Cabinet d'Experts-comptables,experya.be,,,Certified public accountant,Expert-comptable,Certified public accountant,Fleurus,Expertise comptable,Cabinets EC vol (Outscraper taxonomy),Cabinets EC vol (Outscraper taxonomy),,,,,,,,,,,"{""firstName"": ""EXPERYA"", ""companyName"": ""EXPERYA - Cabinet d'Experts-comptables"", ""naf"": """", ""city"": ""Fleurus"", ""link"": """", ""type"": ""Certified public accountant"", ""niche"": ""Cabinets EC vol (Outscraper taxonomy)"", ""siren"": """", ""siret"": """", ""statut"": ""NOTBOOKED"", ""service"": ""Expertise comptable"", ""category"": ""Expert-comptable"", ""effectif"": """", ""subniche"": ""Cabinets EC vol (Outscraper taxonomy)"", ""subtypes"": ""Certified public accountant"", ""lead_score"": """", ""confirm_link"": """", ""tracking_url"": """", ""annee_creation"": """", ""forme_juridique"": """", ""chiffre_affaires"": """", ""tranche_effectif"": """", ""taille_entreprise"": """", ""reservation_agence_link"": """", ""confirmation_agence_link"": ""https://www.hercule.dev/confirm-reservation.html/AQzLIa?email=info%40experya.be"", ""reservation_entreprise_link"": ""https://www.hercule.dev/reservation-entreprise.html/AQzLIa""}",COMPTABLE,valid,include:expert-comptable@COMPTABLE
01a08b5b-4611-7bbd-aa69-14257460aa99,contact@happinext.be,Cogefi,,Cogefi N.B.,cogefi-nb.be,,,Certified public accountant,Expert-comptable,Certified public accountant,Pont-a-Celles,Expertise comptable,Cabinets EC vol (Outscraper taxonomy),Cabinets EC vol (Outscraper taxonomy),,,,,,,,,,,"{""firstName"": ""Cogefi"", ""companyName"": ""Cogefi N.B."", ""naf"": """", ""city"": ""Pont-a-Celles"", ""link"": """", ""type"": ""Certified public accountant"", ""niche"": ""Cabinets EC vol (Outscraper taxonomy)"", ""siren"": """", ""siret"": """", ""statut"": ""NOTBOOKED"", ""service"": ""Expertise comptable"", ""category"": ""Expert-comptable"", ""effectif"": """", ""subniche"": ""Cabinets EC vol (Outscraper taxonomy)"", ""subtypes"": ""Certified public accountant"", ""lead_score"": """", ""confirm_link"": """", ""tracking_url"": """", ""annee_creation"": """", ""forme_juridique"": """", ""chiffre_affaires"": """", ""tranche_effectif"": """", ""taille_entreprise"": """", ""reservation_agence_link"": """", ""confirmation_agence_link"": ""https://www.hercule.dev/confirm-reservation.html/Y4p5tH?email=contact%40happinext.be"", ""reservation_entreprise_link"": ""https://www.hercule.dev/reservation-entreprise.html/Y4p5tH""}",COMPTABLE,valid,include:expert-comptable@COMPTABLE
01a08b5b-4611-7bbd-aa69-142682a86e0c,info@fiscoteam.be,FiscoTeam,,FiscoTeam,fiscoteam.be,,,Certified public accountant,Expert-comptable,"Certified public accountant, Accountant, Tax consultant",Koekelberg,Expertise comptable,Cabinets EC vol (Outscraper taxonomy),Cabinets EC vol (Outscraper taxonomy),,,,,,,,,,,"{""firstName"": ""FiscoTeam"", ""companyName"": ""FiscoTeam"", ""naf"": """", ""city"": ""Koekelberg"", ""link"": """", ""type"": ""Certified public accountant"", ""niche"": ""Cabinets EC vol (Outscraper taxonomy)"", ""siren"": """", ""siret"": """", ""statut"": ""NOTBOOKED"", ""service"": ""Expertise comptable"", ""category"": ""Expert-comptable"", ""effectif"": """", ""subniche"": ""Cabinets EC vol (Outscraper taxonomy)"", ""subtypes"": ""Certified public accountant, Accountant, Tax consultant"", ""lead_score"": """", ""confirm_link"": """", ""tracking_url"": """", ""annee_creation"": """", ""forme_juridique"": """", ""chiffre_affaires"": """", ""tranche_effectif"": """", ""taille_entreprise"": """", ""reservation_agence_link"": """", ""confirmation_agence_link"": ""https://www.hercule.dev/confirm-reservation.html/iePH7X?email=info%40fiscoteam.be"", ""reservation_entreprise_link"": ""https://www.hercule.dev/reservation-entreprise.html/iePH7X""}",COMPTABLE,valid,include:expert-comptable@COMPTABLE
